[{"Name":"Ezra","Number":15},{"Name":"Nehemiah","Number":16},{"Name":"Esther","Number":17},{"Name":"Job","Number":18},{"Name":"Psalm 1","Number":19},{"Name":"Proverbs","Number":20},{"Name":"Ecclesiastes","Number":21},{"Name":"Song of Solomon (Canticles)","Number":22},{"Name":"Isaiah","Number":23},{"Name":"Jeremiah","Number":24},{"Name":"Lamentations","Number":25},{"Name":"Ezekiel","Number":26},{"Name":"Daniel","Number":27},{"Name":"Hosea","Number":28},{"Name":"Joel","Number":29},{"Name":"Amos","Number":30},{"Name":"Obadiah","Number":31},{"Name":"Jonah","Number":32},{"Name":"Micah","Number":33},{"Name":"Nahum","Number":34},{"Name":"Habakkuk","Number":35},{"Name":"Zephaniah","Number":36},{"Name":"Haggai","Number":37},{"Name":"Zechariah","Number":38},{"Name":"Malachi","Number":39},{"Name":"Matthew","Number":40},{"Name":"Mark","Number":41},{"Name":"Luke","Number":42},{"Name":"John","Number":43},{"Name":"Acts","Number":44},{"Name":"Romans","Number":45},{"Name":"Galatians","Number":48},{"Name":"Philippians","Number":50},{"Name":"1 Thessalonians","Number":52},{"Name":"2 Thessalonians","Number":53},{"Name":"Philemon","Number":57},{"Name":"1 John","Number":62},{"Name":"2 John","Number":63},{"Name":"3 John","Number":64},{"Name":"Jude","Number":65}]