[{"Name":"Genesis","Number":1},{"Name":"Exodus","Number":2},{"Name":"Leviticus","Number":3},{"Name":"Numbers","Number":4},{"Name":"Deuteronomy","Number":5},{"Name":"Joshua","Number":6},{"Name":"Judges","Number":7},{"Name":"Ruth","Number":8},{"Name":"1 Samuel","Number":9},{"Name":"2 Samuel","Number":10},{"Name":"1 Kings","Number":11},{"Name":"2 Kings","Number":12},{"Name":"1 Chronicles","Number":13},{"Name":"2 Chronicles","Number":14},{"Name":"Ezra","Number":15},{"Name":"Nehemiah","Number":16},{"Name":"Esther","Number":17},{"Name":"Job","Number":18},{"Name":"Psalm 1","Number":19},{"Name":"Proverbs","Number":20},{"Name":"Ecclesiastes","Number":21},{"Name":"Song of Solomon (Canticles)","Number":22},{"Name":"Isaiah","Number":23},{"Name":"Jeremiah","Number":24},{"Name":"Lamentations","Number":25},{"Name":"Ezekiel","Number":26},{"Name":"Daniel","Number":27},{"Name":"Hosea","Number":28},{"Name":"Joel","Number":29},{"Name":"Amos","Number":30},{"Name":"Obadiah","Number":31},{"Name":"Jonah","Number":32},{"Name":"Micah","Number":33},{"Name":"Nahum","Number":34},{"Name":"Habakkuk","Number":35},{"Name":"Zephaniah","Number":36},{"Name":"Haggai","Number":37},{"Name":"Zechariah","Number":38},{"Name":"Malachi","Number":39},{"Name":"Matthew","Number":40},{"Name":"Mark","Number":41},{"Name":"Chapter 1","Number":42},{"Name":"Chapter 1","Number":43},{"Name":"Chapter 1","Number":44},{"Name":"Chapter 1","Number":45},{"Name":"Chapter 1","Number":46},{"Name":"Chapter 1","Number":47},{"Name":"Chapter 1","Number":48},{"Name":"Chapter 1","Number":49},{"Name":"Chapter 1","Number":50},{"Name":"Chapter 1","Number":51},{"Name":"Chapter 1","Number":52},{"Name":"Chapter 1","Number":53},{"Name":"Chapter 1","Number":54},{"Name":"Chapter 1","Number":55},{"Name":"Chapter 1","Number":56},{"Name":"Chapter 1","Number":57},{"Name":"Chapter 1","Number":58},{"Name":"Chapter 1","Number":59},{"Name":"Chapter 1","Number":60},{"Name":"Chapter 1","Number":61},{"Name":"Chapter 1","Number":62},{"Name":"Chapter 1","Number":63},{"Name":"Chapter 1","Number":64},{"Name":"Chapter 1","Number":65},{"Name":"Chapter 1","Number":66}]