[{"Name":"Genesis","Number":1},{"Name":"Exodus","Number":2},{"Name":"Leviticus","Number":3},{"Name":"Numbers","Number":4},{"Name":"Deuteronomy","Number":5},{"Name":"Joshua","Number":6},{"Name":"Judges","Number":7},{"Name":"Ruth","Number":8},{"Name":"1 Samuel","Number":9},{"Name":"2 Samuel","Number":10},{"Name":"1 Kings","Number":11},{"Name":"2 Kings","Number":12},{"Name":"1 Chronicles","Number":13},{"Name":"2 Chronicles","Number":14},{"Name":"Ezra","Number":15},{"Name":"Nehemiah","Number":16},{"Name":"Esther","Number":17},{"Name":"Job","Number":18},{"Name":"Psalms","Number":19},{"Name":"Proverbs","Number":20},{"Name":"Ecclesiastes","Number":21},{"Name":"Song of Solomon (Canticles)","Number":22},{"Name":"Isaiah","Number":23},{"Name":"Jeremiah","Number":24},{"Name":"Lamentations","Number":25},{"Name":"Ezekiel","Number":26},{"Name":"Daniel","Number":27},{"Name":"Hosea","Number":28},{"Name":"Joel","Number":29},{"Name":"Amos","Number":30},{"Name":"Obadiah","Number":31},{"Name":"Jonah","Number":32},{"Name":"Micah","Number":33},{"Name":"Nahum","Number":34},{"Name":"Habakkuk","Number":35},{"Name":"Zephaniah","Number":36},{"Name":"Haggai","Number":37},{"Name":"Zechariah","Number":38},{"Name":"Malachi","Number":39},{"Name":"Matthew","Number":40},{"Name":"Mark","Number":41},{"Name":"Luke","Number":42},{"Name":"John","Number":43},{"Name":"Acts","Number":44},{"Name":"Romans","Number":45},{"Name":"1 Corinthians","Number":46},{"Name":"2 Corinthians","Number":47},{"Name":"Galatians","Number":48},{"Name":"Ephesians","Number":49},{"Name":"Philippians","Number":50},{"Name":"Colossians","Number":51},{"Name":"1 Thessalonians","Number":52},{"Name":"2 Thessalonians","Number":53},{"Name":"1 Timothy","Number":54},{"Name":"2 Timothy","Number":55},{"Name":"Titus","Number":56},{"Name":"Philemon","Number":57},{"Name":"Hebrews","Number":58},{"Name":"James","Number":59},{"Name":"1 Peter","Number":60},{"Name":"2 Peter","Number":61},{"Name":"1 John","Number":62},{"Name":"2 John","Number":63},{"Name":"3 John","Number":64},{"Name":"Jude","Number":65},{"Name":"Revelation","Number":66}]