[{"Name":"Albanian","Code":"AL"},{"Name":"Aymara","Code":"AP"},{"Name":"Czech","Code":"B"},{"Name":"Chinese Mandarin (Traditional)","Code":"CH"},{"Name":"Chinese Mandarin (Simplified)","Code":"CHS"},{"Name":"Danish","Code":"D"},{"Name":"English","Code":"E"},{"Name":"Gun","Code":"EG"},{"Name":"French","Code":"F"},{"Name":"Finnish","Code":"FI"},{"Name":"Greek","Code":"G"},{"Name":"Hungarian","Code":"H"},{"Name":"Italian","Code":"I"},{"Name":"Indonesian","Code":"IN"},{"Name":"Japanese","Code":"J"},{"Name":"Ukrainian","Code":"K"},{"Name":"Korean","Code":"KO"},{"Name":"Maya","Code":"MAY"},{"Name":"Malagasy","Code":"MG"},{"Name":"Norwegian","Code":"N"},{"Name":"Dutch","Code":"O"},{"Name":"Polish","Code":"P"},{"Name":"Quechua (Cuzco)","Code":"QU"},{"Name":"Quechua (Ayacucho)","Code":"QUA"},{"Name":"Quechua (Ancash)","Code":"QUN"},{"Name":"Armenian","Code":"REA"},{"Name":"Spanish","Code":"S"},{"Name":"Sinhala","Code":"SN"},{"Name":"Estonian","Code":"ST"},{"Name":"Swahili","Code":"SW"},{"Name":"Portuguese","Code":"T"},{"Name":"Tatar","Code":"TAT"},{"Name":"Tagalog","Code":"TG"},{"Name":"Portuguese (Portugal)","Code":"TPO"},{"Name":"Russian","Code":"U"},{"Name":"German","Code":"X"},{"Name":"Swedish","Code":"Z"}]